<?xml version="1.0" encoding="UTF-8"?>
<project-private xmlns="http://www.netbeans.org/ns/project-private/1">
    <editor-bookmarks xmlns="http://www.netbeans.org/ns/editor-bookmarks/2" lastBookmarkId="0"/>
    <open-files xmlns="http://www.netbeans.org/ns/projectui-open-files/2">
        <group>
            <file>file:/C:/Users/Ignacio/Documents/NetBeansProjects/TareaCompiladores/src/tareacompiladores/Generadoor.java</file>
            <file>file:/C:/Users/Ignacio/Documents/NetBeansProjects/TareaCompiladores/src/tareacompiladores/Yylex.java</file>
            <file>file:/C:/Users/Ignacio/Documents/NetBeansProjects/TareaCompiladores/src/tareacompiladores/sym.java</file>
            <file>file:/C:/Users/Ignacio/Documents/NetBeansProjects/TareaCompiladores/src/tareacompiladores/TareaCompiladores.java</file>
            <file>file:/C:/Users/Ignacio/Documents/NetBeansProjects/TareaCompiladores/src/tareacompiladores/parser.java</file>
        </group>
    </open-files>
</project-private>
